"Reference","Qty","Value","DNP","Exclude from BOM","Exclude from Board","Footprint","Datasheet"
"BUZZER1","1","MLT-5030","","","","EasyEDA:BUZ-SMD_3P-L5.2-W5.2-P3.50-BR","https://lcsc.com/product-detail/Buzzers_MLT-5030_C95297.html"
"C1,C14,C41,C42,C58","5","100pF","","","","Capacitor_SMD:C_0805_2012Metric_Pad1.18x1.45mm_HandSolder","~"
"C2,C3","2","3.2pF","","","","Capacitor_SMD:C_0805_2012Metric_Pad1.18x1.45mm_HandSolder","~"
"C4,C7,C10,C12,C15,C18,C30,C34","8","2.2nF","","","","Capacitor_SMD:C_0805_2012Metric_Pad1.18x1.45mm_HandSolder","~"
"C5,C6,C8,C11,C27,C40,C55,C56","8","100nF","","","","Capacitor_SMD:C_0805_2012Metric_Pad1.18x1.45mm_HandSolder","~"
"C9,C19,C20,C22,C28,C36,C38,C46,C47,C48,C49,C50,C53,C54","14","10uF","","","","Capacitor_SMD:C_0805_2012Metric_Pad1.18x1.45mm_HandSolder","~"
"C13,C17,C24,C32","4","12pF","","","","Capacitor_SMD:C_0805_2012Metric_Pad1.18x1.45mm_HandSolder","~"
"C16,C23,C31","3","20pF","","","","Capacitor_SMD:C_0805_2012Metric_Pad1.18x1.45mm_HandSolder","~"
"C21,C37,C51,C52","4","24pF","","","","Capacitor_SMD:C_0805_2012Metric_Pad1.18x1.45mm_HandSolder","~"
"C25,C29,C33","3","10nF","","","","Capacitor_SMD:C_0805_2012Metric_Pad1.18x1.45mm_HandSolder","~"
"C26,C35","2","1uF","","","","Capacitor_SMD:C_0805_2012Metric_Pad1.18x1.45mm_HandSolder","~"
"C39","1","1nF","","","","Capacitor_SMD:C_0805_2012Metric_Pad1.18x1.45mm_HandSolder","~"
"C43,C45","2","3.3pF","","","","Capacitor_SMD:C_0805_2012Metric_Pad1.18x1.45mm_HandSolder","~"
"C44","1","4.7pF","","","","Capacitor_SMD:C_0805_2012Metric_Pad1.18x1.45mm_HandSolder","~"
"C57,C59,C60,C61,C62","5","10uF","","","","Capacitor_SMD:C_1206_3216Metric_Pad1.33x1.80mm_HandSolder","~"
"D1,D2","2","BAT54S","","","","PCM_JLCPCB:SOT-23-3_L2.9-W1.6-P1.90-LS2.8-BR","https://assets.nexperia.com/documents/data-sheet/BAT54S.pdf"
"D3,D4","2","LED","","","","LED_SMD:LED_0805_2012Metric_Pad1.15x1.40mm_HandSolder","~"
"D5","1","BAR6405","","","","EasyEDA:SOT-23-3_L2.9-W1.6-P1.90-LS2.8-BR","https://www.infineon.com/assets/row/public/documents/24/49/infineon-bar64-05-ds-en.pdf"
"F1","1","6V 0.75A","","","","Fuse:Fuse_0805_2012Metric_Pad1.15x1.40mm_HandSolder","~"
"J1","1","U.FL","","","","PCM_JLCPCB:IPEX-SMD_BWIPX-1-001E","https://wmsc.lcsc.com/wmsc/upload/file/pdf/v2/lcsc/2208151830_BAT-WIRELESS-BWU-FL-IPEX1_C5137195.pdf"
"J2,USART1,USART2","3","Conn_01x04_Socket","","","","Connector_PinHeader_2.54mm:PinHeader_1x04_P2.54mm_Vertical","~"
"J3","1","USB_C_Receptacle_USB2.0_16P","","","","EasyEDA:USB-C-SMD_TYPE-C-6PIN-2MD-073","https://www.usb.org/sites/default/files/documents/usb_type-c.zip"
"J5","1","Conn_01x03_Socket","","","","Connector_PinHeader_2.54mm:PinHeader_1x03_P2.54mm_Vertical","~"
"L1,L2","2","12nH","","","","Inductor_SMD:L_0805_2012Metric_Pad1.05x1.20mm_HandSolder","~"
"L3","1","10nH","","","","Inductor_SMD:L_0805_2012Metric_Pad1.05x1.20mm_HandSolder","~"
"L4","1","11nH","","","","Inductor_SMD:L_0805_2012Metric_Pad1.05x1.20mm_HandSolder","~"
"L5","1","13nH","","","","Inductor_SMD:L_0805_2012Metric_Pad1.05x1.20mm_HandSolder","~"
"L6","1","0.1uH","","","","Inductor_SMD:L_0805_2012Metric_Pad1.05x1.20mm_HandSolder","~"
"L7","1","16uH","","","","Inductor_SMD:L_0805_2012Metric_Pad1.05x1.20mm_HandSolder","~"
"Q1,Q3,Q4,Q5,Q6,Q7","6","BC847BS","","","","PCM_JLCPCB:SOT-363_SC-70-6","https://www.lcsc.com/datasheet/lcsc_datasheet_2409041457_hongjiacheng-BC847BS_C41375126.pdf"
"Q2,Q9,Q10,Q11","4","MMBT3904","","","","PCM_JLCPCB:Q_SOT-23","https://wmsc.lcsc.com/wmsc/upload/file/pdf/v2/lcsc/2312221203_hongjiacheng-MMBT3904_C7420353.pdf"
"R1,R2,R6,R24,R43","5","1.5k","","","","Resistor_SMD:R_0805_2012Metric_Pad1.20x1.40mm_HandSolder","~"
"R3","1","560","","","","Resistor_SMD:R_0805_2012Metric_Pad1.20x1.40mm_HandSolder","~"
"R4,R5,R8,R9,R20,R35","6","4.7k","","","","Resistor_SMD:R_0805_2012Metric_Pad1.20x1.40mm_HandSolder","~"
"R7,R10","2","R","DNP","","","Resistor_SMD:R_0805_2012Metric_Pad1.20x1.40mm_HandSolder","~"
"R11,R12,R18,R19","4","750","","","","Resistor_SMD:R_0805_2012Metric_Pad1.20x1.40mm_HandSolder","~"
"R13,R14","2","2k","","","","Resistor_SMD:R_0805_2012Metric_Pad1.20x1.40mm_HandSolder","~"
"R15,R17,R30,R40,R41","5","5.1k","","","","Resistor_SMD:R_0805_2012Metric_Pad1.20x1.40mm_HandSolder","~"
"R16,R22,R31","3","30","","","","Resistor_SMD:R_0805_2012Metric_Pad1.20x1.40mm_HandSolder","~"
"R21,R23,R25,R32,R33","5","10k","","","","Resistor_SMD:R_0805_2012Metric_Pad1.20x1.40mm_HandSolder","~"
"R26,R27","2","1M","","","","Resistor_SMD:R_0805_2012Metric_Pad1.20x1.40mm_HandSolder","~"
"R28,R29","2","3k","","","","Resistor_SMD:R_0805_2012Metric_Pad1.20x1.40mm_HandSolder","~"
"R34,R36","2","0R","","","","Resistor_SMD:R_0805_2012Metric_Pad1.20x1.40mm_HandSolder","~"
"R37,R38,R39,R45,R46","5","1k","","","","Resistor_SMD:R_0805_2012Metric_Pad1.20x1.40mm_HandSolder","~"
"R42,R44","2","22","","","","Resistor_SMD:R_0805_2012Metric_Pad1.20x1.40mm_HandSolder","~"
"TP1","1","T+","","","","TestPoint:TestPoint_Pad_D1.5mm","~"
"TP2","1","J1","","","","TestPoint:TestPoint_Pad_D1.5mm","~"
"TP4","1","EN","","","","TestPoint:TestPoint_Pad_D1.5mm","~"
"TP5","1","485-EN","","","","TestPoint:TestPoint_Pad_D1.5mm","~"
"TP6","1","J2","","","","TestPoint:TestPoint_Pad_D1.5mm","~"
"TP7","1","3V3","","","","TestPoint:TestPoint_Pad_D1.5mm","~"
"TP8","1","5V","","","","TestPoint:TestPoint_Pad_D1.5mm","~"
"TP9","1","GND","","","","TestPoint:TestPoint_Pad_D1.5mm","~"
"U1","1","Si4463","","","","Package_DFN_QFN:QFN-20-1EP_4x4mm_P0.5mm_EP2.6x2.6mm_ThermalVias","https://www.silabs.com/documents/public/data-sheets/Si4464-63-61-60.pdf"
"U2","1","N32G435_LQFP48","","","","PCM_JLCPCB:LQFP-48_7x7mm_P0.5mm","https://www.st.com/resource/en/datasheet/stm32f103c8.pdf"
"U3","1","RT9013","","","","Package_SO:TSOP-5_1.65x3.05mm_P0.95mm",""
"U4","1","SN74LVC2G04DBVR","","","","EasyEDA:SOT-23-6_L2.9-W1.6-P0.95-LS2.8-BR","https://lcsc.com/product-detail/74-Series_TI_SN74LVC2G04DBVR_SN74LVC2G04DBVR_C10428.html"
"X1,X2","2","X322525MOB4SI","","","","PCM_JLCPCB:OSC-SMD_4P-L3.2-W2.5-BL","https://www.lcsc.com/datasheet/lcsc_datasheet_2403291504_YXC-Crystal-Oscillators-X322525MOB4SI_C9006.pdf"
